<KicadtoNgspice><source><v1 name="Source type">pulse<field1 name="Initial Value">0</field1><field2 name="Pulse Value">10</field2><field3 name="Delay Time">10u</field3><field4 name="Rise Time">10u</field4><field5 name="Fall Time">10u</field5><field5 name="Pulse width">1m</field5><field5 name="Period">2m</field5></v1><v2 name="Source type">pulse<field1 name="Initial Value">0</field1><field2 name="Pulse Value">10</field2><field3 name="Delay Time">10u</field3><field4 name="Rise Time">10u</field4><field5 name="Fall Time">10u</field5><field5 name="Pulse width">2m</field5><field5 name="Period">4m</field5></v2><v3 name="Source type">pulse<field1 name="Initial Value">0</field1><field2 name="Pulse Value">10</field2><field3 name="Delay Time">10u</field3><field4 name="Rise Time">10u</field4><field5 name="Fall Time">10u</field5><field5 name="Pulse width">4m</field5><field5 name="Period">8m</field5></v3><v4 name="Source type">pulse<field1 name="Initial Value">0</field1><field2 name="Pulse Value">10</field2><field3 name="Delay Time">10u</field3><field4 name="Rise Time">10u</field4><field5 name="Fall Time">10u</field5><field5 name="Pulse width">8m</field5><field5 name="Period">16m</field5></v4><v5 name="Source type">pulse<field1 name="Initial Value">0</field1><field2 name="Pulse Value">10</field2><field3 name="Delay Time">10u</field3><field4 name="Rise Time">10u</field4><field5 name="Fall Time">10u</field5><field5 name="Pulse width">16m</field5><field5 name="Period">32m</field5></v5><v6 name="Source type">pulse<field1 name="Initial Value">0</field1><field2 name="Pulse Value">10</field2><field3 name="Delay Time">10u</field3><field4 name="Rise Time">10u</field4><field5 name="Fall Time">10u</field5><field5 name="Pulse width">32m</field5><field5 name="Period">64m</field5></v6><v7 name="Source type">pulse<field1 name="Initial Value">0</field1><field2 name="Pulse Value">10</field2><field3 name="Delay Time">10u</field3><field4 name="Rise Time">10u</field4><field5 name="Fall Time">10u</field5><field5 name="Pulse width">64m</field5><field5 name="Period">128m</field5></v7><v8 name="Source type">pulse<field1 name="Initial Value">0</field1><field2 name="Pulse Value">10</field2><field3 name="Delay Time">10u</field3><field4 name="Rise Time">10u</field4><field5 name="Fall Time">10u</field5><field5 name="Pulse width">128m</field5><field5 name="Period">256m</field5></v8><v9 name="Source type">pulse<field1 name="Initial Value">0</field1><field2 name="Pulse Value">10</field2><field3 name="Delay Time">0</field3><field4 name="Rise Time">20n</field4><field5 name="Fall Time">20n</field5><field5 name="Pulse width">0</field5><field5 name="Period">25m</field5></v9><v1 name="Source type">sine<field1 name="Offset Value">0</field1><field2 name="Amplitude">5</field2><field3 name="Frequency">50</field3><field4 name="Delay Time">0</field4><field5 name="Damping Factor">0</field5></v1></source><model><u17 name="type">adc_bridge<field1 name="Enter value for in_low (default=1.0)" /><field2 name="Enter value for in_high (default=2.0)" /><field3 name="Enter Rise Delay (default=1.0e-9)" /><field4 name="Enter Fall Delay (default=1.0e-9)" /></u17><u6 name="type">ripplecarry4<field5 name="Enter Rise Delay (default=1.0e-9)" /><field6 name="Enter Fall Delay (default=1.0e-9)" /><field7 name="Enter Input Load (default=1.0e-12)" /><field8 name="Enter Instance ID (Between 0-99)" /></u6><u7 name="type">adc_bridge<field9 name="Enter value for in_low (default=1.0)" /><field10 name="Enter value for in_high (default=2.0)" /><field11 name="Enter Rise Delay (default=1.0e-9)" /><field12 name="Enter Fall Delay (default=1.0e-9)" /></u7><u8 name="type">dac_bridge<field13 name="Enter value for out_low (default=0.0)" /><field14 name="Enter value for out_high (default=5.0)" /><field15 name="Enter value for out_undef (default=0.5)" /><field16 name="Enter value for input load (default=1.0e-12)" /><field17 name="Enter the Rise Time (default=1.0e-9)" /><field18 name="Enter the Fall Time (default=1.0e-9)" /></u8><u5 name="type">compare<field5 name="Enter Rise Delay (default=1.0e-9)" /><field6 name="Enter Fall Delay (default=1.0e-9)" /><field7 name="Enter Input Load (default=1.0e-12)" /><field8 name="Enter Instance ID (Between 0-99)" /></u5><u6 name="type">dac_bridge<field9 name="Enter value for out_low (default=0.0)" /><field10 name="Enter value for out_high (default=5.0)" /><field11 name="Enter value for out_undef (default=0.5)" /><field12 name="Enter value for input load (default=1.0e-12)" /><field13 name="Enter the Rise Time (default=1.0e-9)" /><field14 name="Enter the Fall Time (default=1.0e-9)" /></u6></model><devicemodel /><subcircuit /><analysis><ac><field1 name="Lin">true</field1><field2 name="Dec">false</field2><field3 name="Oct">false</field3><field4 name="Start Frequency" /><field5 name="Stop Frequency" /><field6 name="No. of points" /><field7 name="Start Fre Combo">Hz</field7><field8 name="Stop Fre Combo">Hz</field8></ac><dc><field1 name="Source 1" /><field2 name="Start" /><field3 name="Increment" /><field4 name="Stop" /><field5 name="Operating Point">0</field5><field6 name="Start Combo">Volts or Amperes</field6><field7 name="Increment Combo">Volts or Amperes</field7><field8 name="Stop Combo">Volts or Amperes</field8><field9 name="Source 2" /><field10 name="Start" /><field11 name="Increment" /><field12 name="Stop" /><field13 name="Start Combo">Volts or Amperes</field13><field14 name="Increment Combo">Volts or Amperes</field14><field15 name="Stop Combo">Volts or Amperes</field15></dc><tran><field1 name="Start Time">0</field1><field2 name="Step Time">10</field2><field3 name="Stop Time">500</field3><field4 name="Start Combo">Sec</field4><field5 name="Step Combo">ms</field5><field6 name="Stop Combo">ms</field6></tran></analysis></KicadtoNgspice>